licence,begin_time,end_time,load_hotspot,drop_hotspot,od_distance,traveled_from_charged,to_charge,cs_index,cs_name
0,2014-07-01 00:00:00.000000,2014-07-01 00:04:06.500000,49,23,3.825319029148638,3.825319029148638,0,,
0,2014-07-01 00:13:14.166667,2014-07-01 00:20:46.166667,31,76,3.6610314553339127,9.002339674639751,0,,
0,2014-07-01 00:41:38.416667,2014-07-01 00:48:41.416667,41,52,3.0511397205615824,14.4727283364393,0,,
0,2014-07-01 01:02:15.916667,2014-07-01 01:09:17.916667,53,13,3.9899568073486935,22.42397526370016,0,,
0,2014-07-01 01:39:10.916667,2014-07-01 01:45:11.583334,28,8,2.724139453066176,35.631558691797586,0,,
0,2014-07-01 02:14:35.472223,2014-07-01 02:22:46.972223,1,11,6.038441015689388,48.60587970964603,1,6,D01
0,2014-07-01 04:09:01.972223,2014-07-01 04:16:46.972223,13,49,4.331613787076218,5.27466089268891,0,,
0,2014-07-01 05:47:48.716982,2014-07-01 05:58:42.383649,21,5,1.5382311394547623,6.812892032143672,0,,
0,2014-07-01 06:10:31.050316,2014-07-01 06:20:06.550316,0,2,2.1188632039583006,11.625348612447938,0,,
0,2014-07-01 06:42:57.362816,2014-07-01 06:48:57.362816,6,0,1.94859007218398,17.335641066765703,0,,
0,2014-07-01 07:09:10.188903,2014-07-01 07:21:13.188903,0,131,4.738440210836716,23.101730390029374,0,,
0,2014-07-01 07:48:47.188903,2014-07-01 07:51:53.188903,111,118,7.461956010960058,40.69392420547167,0,,
0,2014-07-01 08:11:30.188903,2014-07-01 08:37:46.188903,143,150,20.964016553499988,66.80161893576212,0,,
0,2014-07-01 09:40:24.188903,2014-07-01 09:44:24.188903,168,128,1.2728987805733731,80.17525999788609,0,,
0,2014-07-01 10:05:00.188903,2014-07-01 10:28:58.188903,151,11,16.443873073087715,97.64996672479185,0,,
0,2014-07-01 10:38:33.188903,2014-07-01 10:51:31.688903,6,17,3.77362347740638,106.5756790996604,0,,
0,2014-07-01 11:17:55.188903,2014-07-01 11:26:24.522236,35,17,2.64597208429812,111.41615153993168,0,,
0,2014-07-01 11:44:09.522236,2014-07-01 11:59:35.522236,13,14,5.609730273630474,119.63766810475836,0,,
0,2014-07-01 12:12:15.236522,2014-07-01 12:19:20.236522,21,4,3.0139404000285106,123.46322809329448,0,,
0,2014-07-01 12:31:32.736522,2014-07-01 12:52:27.736522,6,31,19.56784305263468,144.19697655389237,0,,
0,2014-07-01 13:10:51.736522,2014-07-01 13:38:17.236522,38,29,22.048785850697442,169.11500519278312,0,,
0,2014-07-01 14:46:58.736522,2014-07-01 14:57:45.236522,91,32,3.89115909991935,190.93539973568363,1,5,B04
0,2014-07-01 17:15:14.236522,2014-07-01 17:55:07.236522,6,107,18.08736719859806,64.22217664002356,0,,
0,2014-07-01 18:09:36.236522,2014-07-01 18:22:10.236522,140,42,7.728235671063031,73.42805531402416,0,,
0,2014-07-01 18:42:02.903189,2014-07-01 19:06:24.903189,55,15,13.399963019675953,87.946661377272,0,,
0,2014-07-01 19:23:57.803189,2014-07-01 19:47:19.803189,18,134,14.070678781873386,103.44052502729939,0,,
0,2014-07-01 19:59:08.803189,2014-07-01 20:25:03.803189,136,124,2.052346214258567,107.514664656475,0,,
0,2014-07-01 20:44:46.803189,2014-07-01 20:48:10.469856,126,89,1.4201997222491605,110.16913278511376,0,,
0,2014-07-01 21:12:03.184142,2014-07-01 21:33:46.184142,85,33,14.067310880421529,125.45618909887192,0,,
0,2014-07-01 22:03:15.657826,2014-07-01 22:14:11.032826,14,9,5.0385542532366765,133.47748862796837,0,,
0,2014-07-01 23:00:29.032826,2014-07-01 23:10:02.032826,52,37,7.7974888187323135,160.27454582200608,0,,
0,2014-07-01 23:24:12.621061,2014-07-01 23:33:28.621061,48,34,6.103491852056148,167.22140947860188,0,,
0,2014-07-02 00:30:51.121061,2014-07-02 00:34:41.121061,1,27,2.4863798309932865,177.3220886356949,0,,
0,2014-07-02 00:44:22.121061,2014-07-02 00:58:19.121061,30,16,6.871685570094371,185.69813924609255,1,0,A01
0,2014-07-02 02:38:28.454394,2014-07-02 02:44:04.254394,28,3,2.376300567713621,3.1188561344865082,0,,
0,2014-07-02 03:07:09.454394,2014-07-02 03:13:10.168680,8,3,2.313946598220214,7.293990919386831,0,,
0,2014-07-02 04:07:43.168680,2014-07-02 04:20:00.168680,2,118,9.655316161006747,37.208418472717824,0,,
0,2014-07-02 04:47:38.168680,2014-07-02 05:01:04.168680,111,80,11.745708946746685,51.47380589925611,0,,
0,2014-07-02 05:17:15.168680,2014-07-02 05:26:50.668680,77,2,7.137397644787215,59.99707679604121,0,,
0,2014-07-02 05:56:10.668680,2014-07-02 06:06:52.668680,16,10,6.587370007420122,71.43406680222073,0,,
0,2014-07-02 07:18:41.474075,2014-07-02 07:24:26.474075,20,15,2.923744326851529,74.35781112907226,0,,
0,2014-07-02 07:42:38.974075,2014-07-02 07:50:37.474075,9,33,3.753030369913482,79.37846299465477,0,,
0,2014-07-02 08:45:54.474075,2014-07-02 08:53:56.474075,63,9,3.6637380542763176,90.84252850807121,0,,
0,2014-07-02 09:10:12.974075,2014-07-02 09:45:28.974075,28,87,7.5036732370759776,104.18732528881998,0,,
0,2014-07-02 10:08:17.974075,2014-07-02 10:23:25.974075,48,36,4.317161000538088,113.3531412508115,0,,
0,2014-07-02 10:39:24.529631,2014-07-02 10:54:52.529631,31,11,2.787016475794561,116.66101106295102,1,0,A01
0,2014-07-02 12:44:50.529631,2014-07-02 12:51:57.529631,32,16,2.264516648549625,14.830323505089277,0,,
0,2014-07-02 12:58:24.529631,2014-07-02 13:22:24.529631,32,27,5.750173456695636,22.43663273169217,0,,
0,2014-07-02 13:33:38.529631,2014-07-02 13:38:26.529631,42,26,2.940789540467032,27.368163784387548,0,,
0,2014-07-02 14:03:48.129631,2014-07-02 14:10:24.129631,74,48,3.2595308409942354,32.799302573843306,0,,
0,2014-07-02 14:23:13.629631,2014-07-02 14:41:54.629631,42,4,8.955994081467407,42.63979524448139,0,,
0,2014-07-02 15:05:11.629631,2014-07-02 15:12:05.629631,2,53,2.8032790791960602,52.91876292352749,0,,
0,2014-07-02 15:51:04.629631,2014-07-02 16:09:04.629631,3,11,3.559522239651782,62.31598341884805,0,,
0,2014-07-02 16:20:23.796298,2014-07-02 16:32:32.296298,13,20,8.733566124058036,71.99259664851877,0,,
0,2014-07-02 16:55:00.629631,2014-07-02 17:03:06.629631,20,92,8.237416112170976,81.67779936146147,0,,
0,2014-07-02 18:16:40.629631,2014-07-02 18:38:50.629631,40,41,2.460367164935786,93.61471035596337,0,,
0,2014-07-02 19:01:59.058202,2014-07-02 19:11:14.391535,59,41,1.6813606356348405,96.6656111881407,0,,
0,2014-07-02 19:55:25.891535,2014-07-02 20:02:28.391535,10,10,1.7085569808325587,109.75503718546011,0,,
0,2014-07-02 20:23:46.391535,2014-07-02 20:32:49.391535,28,37,4.388958596731509,123.6468577887102,0,,
0,2014-07-02 20:43:33.141535,2014-07-02 21:25:35.141535,46,144,28.252855310130787,153.52760871308513,0,,
0,2014-07-02 22:54:33.141535,2014-07-02 23:05:13.141535,18,25,4.846311090213831,200.56278919147695,1,1,FN0002
0,2014-07-03 02:23:18.719766,2014-07-03 02:29:30.719766,56,81,5.0994508789517035,5.0994508789517035,0,,
0,2014-07-03 03:00:23.719766,2014-07-03 03:09:09.053099,17,1,3.6962983646178253,14.678780799877995,0,,
0,2014-07-03 03:27:15.653099,2014-07-03 03:36:50.903099,0,45,3.850732282091593,20.9168488625306,0,,
0,2014-07-03 04:03:31.903099,2014-07-03 04:10:21.903099,54,52,4.668456746977052,26.217932529468925,0,,
0,2014-07-03 04:23:54.903099,2014-07-03 04:28:29.903099,22,63,3.1463989087724387,34.316277821714415,0,,
0,2014-07-03 05:13:03.903099,2014-07-03 05:17:41.569766,0,1,2.021085491453512,49.376992109581714,0,,
0,2014-07-03 05:44:42.569766,2014-07-03 05:49:59.569766,0,1,2.021085491453512,53.78541338159624,0,,
0,2014-07-03 07:54:43.569766,2014-07-03 08:03:14.569766,10,33,6.732363019734838,77.00746137488221,0,,
0,2014-07-03 08:21:56.257266,2014-07-03 08:29:11.757266,14,62,5.220286995052801,85.21049364579481,0,,
0,2014-07-03 08:39:24.257266,2014-07-03 08:51:57.757266,87,31,4.284716346611753,93.0365609038939,0,,
0,2014-07-03 09:46:34.757266,2014-07-03 10:14:43.757266,213,105,13.58862441985908,135.42921381221902,0,,
0,2014-07-03 10:55:10.757266,2014-07-03 11:09:33.257266,70,59,8.285839172385595,148.04552441013834,0,,
0,2014-07-03 11:17:03.257266,2014-07-03 11:27:31.257266,149,104,4.356272927428022,154.03853411213998,0,,
0,2014-07-03 11:31:35.257266,2014-07-03 11:46:04.257266,106,88,9.147206825903565,165.4413569875568,0,,
0,2014-07-03 13:23:37.257266,2014-07-03 13:41:33.257266,93,101,11.385513566720414,193.50626202752622,1,5,B04
0,2014-07-03 15:23:39.757266,2014-07-03 15:33:04.185837,25,32,2.4281157597461545,5.356849247008807,0,,
0,2014-07-03 15:47:30.185837,2014-07-03 15:58:04.185837,43,65,5.850338376773005,24.03791716460161,0,,
0,2014-07-03 16:15:28.810837,2014-07-03 16:28:00.810837,70,56,5.61356235727654,30.852983258587972,0,,
0,2014-07-03 17:10:42.810837,2014-07-03 17:17:21.810837,32,12,2.5387519641508747,49.26228702375084,1,2,N04
0,2014-07-03 19:37:52.810837,2014-07-03 20:09:31.810837,91,17,22.77400880516225,51.03287905883293,0,,
0,2014-07-03 20:23:13.477504,2014-07-03 20:35:31.877504,23,6,2.453240613301916,54.176828719098694,0,,
0,2014-07-03 20:50:03.277504,2014-07-03 21:03:56.777504,12,39,3.0267656703534978,58.43870819459314,0,,
0,2014-07-03 21:36:49.777504,2014-07-03 21:51:32.777504,67,83,22.951422144155543,90.35255910267325,0,,
0,2014-07-03 22:03:12.277504,2014-07-03 22:07:06.277504,98,10,3.157040708807614,94.91624582950058,0,,
0,2014-07-03 22:36:32.277504,2014-07-03 23:00:24.277504,20,134,13.846955888255994,115.91958648880897,0,,
0,2014-07-04 00:20:53.277504,2014-07-04 00:23:47.277504,53,46,1.2825481721309138,135.18419790970322,0,,
0,2014-07-04 00:49:49.277504,2014-07-04 01:02:50.777504,0,87,7.959520030005097,149.48084735520868,0,,
0,2014-07-04 01:43:46.777504,2014-07-04 01:46:18.777504,35,23,2.22379671471304,157.0421377422555,0,,
0,2014-07-04 02:10:24.377504,2014-07-04 02:25:56.377504,0,118,10.157691206285012,173.1214313444337,0,,
0,2014-07-04 04:21:33.418068,2014-07-04 04:26:57.084735,9,20,2.2120354334978867,175.33346677793156,0,,
0,2014-07-04 04:44:39.751402,2014-07-04 05:06:13.751402,9,59,16.80973133021074,193.9106640529172,1,0,A01
0,2014-07-04 07:01:50.751402,2014-07-04 07:10:10.751402,55,165,4.417787093883094,6.856879115844746,0,,
0,2014-07-04 07:36:35.751402,2014-07-04 07:49:07.751402,108,67,2.7155600017985995,16.764311270814204,0,,
0,2014-07-04 09:37:54.751402,2014-07-04 09:43:50.418069,127,93,1.6306835658781582,42.20321674661024,0,,
0,2014-07-04 10:28:25.418069,2014-07-04 10:44:24.418069,135,58,9.674386629129687,57.306417683423405,0,,
0,2014-07-04 15:41:46.418069,2014-07-04 16:07:10.418069,44,169,16.806873821222275,116.59916908969615,0,,
0,2014-07-04 17:16:51.466262,2014-07-04 17:32:19.466262,101,78,2.062265929516228,118.66143501921238,0,,
0,2014-07-04 17:45:37.799595,2014-07-04 18:19:12.799595,78,20,18.72702264401742,138.5752996534927,0,,
0,2014-07-04 18:40:04.355151,2014-07-04 18:43:28.355151,20,26,2.1301804915380806,142.15326674580248,0,,
0,2014-07-04 19:00:40.438484,2014-07-04 19:21:49.438484,20,41,6.972984944647876,150.31681676615293,0,,
0,2014-07-04 20:18:20.438484,2014-07-04 20:26:19.938484,28,18,2.1132928802026,161.7952062465551,0,,
0,2014-07-04 20:39:09.938484,2014-07-04 20:46:37.938484,37,3,2.6109526070666407,168.14629963416874,0,,
0,2014-07-04 21:00:58.438484,2014-07-04 21:25:09.438484,32,40,16.855419562437742,185.93322383667754,1,12,A08
0,2014-07-04 23:21:20.438484,2014-07-04 23:28:09.438484,165,30,4.488083642058979,11.12495098556263,0,,
0,2014-07-04 23:43:36.938484,2014-07-04 23:54:48.938484,38,60,3.3007989787582126,15.589187856031417,0,,
0,2014-07-05 00:12:15.938484,2014-07-05 00:16:37.938484,38,31,1.8962176779867692,22.01745901953759,0,,
0,2014-07-05 00:39:45.574848,2014-07-05 00:54:32.074848,25,8,15.564781194454063,38.49722815230615,0,,
0,2014-07-05 01:09:12.858632,2014-07-05 01:16:12.108632,8,10,3.4279423010051464,42.83796560382621,0,,
0,2014-07-05 01:33:39.008632,2014-07-05 01:41:32.341965,1,20,4.50230188144622,49.130635142641204,0,,
0,2014-07-05 02:12:08.841965,2014-07-05 02:28:53.341965,18,20,2.3778297062863323,54.67990589913226,0,,
0,2014-07-05 02:45:19.141965,2014-07-05 02:50:31.541965,9,15,1.6954894450689926,58.14286128897614,0,,
0,2014-07-05 03:08:08.157350,2014-07-05 03:13:17.657350,9,15,1.6954894450689926,61.10597222971416,0,,
0,2014-07-05 03:33:14.324017,2014-07-05 03:55:06.324017,18,56,9.771486363934038,72.30064346180221,0,,
0,2014-07-05 04:31:05.324017,2014-07-05 04:34:56.324017,33,25,2.0741356232410566,85.68427072786464,0,,
0,2014-07-05 04:51:41.574017,2014-07-05 04:55:45.664926,1,9,1.7102200968603842,93.29834112051623,0,,
0,2014-07-05 05:04:10.331593,2014-07-05 05:14:49.331593,11,13,8.556920441121594,102.91705966124434,0,,
0,2014-07-05 05:20:37.331593,2014-07-05 05:24:17.331593,7,1,1.7468425122432991,105.45876576430071,0,,
0,2014-07-05 06:11:51.831593,2014-07-05 06:24:02.831593,7,27,9.843185570731912,117.47327125440711,0,,
0,2014-07-05 06:50:31.831593,2014-07-05 06:56:30.831593,67,95,4.7223969422789915,125.58659396414187,0,,
0,2014-07-05 07:27:01.831593,2014-07-05 07:38:01.831593,67,48,2.486324547273703,134.21237406344332,0,,
0,2014-07-05 08:28:45.831593,2014-07-05 08:49:58.831593,33,4,8.945385542636071,153.03935350615674,0,,
0,2014-07-05 10:57:27.831593,2014-07-05 11:12:56.831593,82,25,11.544645813026571,183.59124965251988,1,7,C01
0,2014-07-05 12:52:38.431593,2014-07-05 12:55:01.431593,30,41,2.410421321702142,3.1690856591859586,0,,
0,2014-07-05 13:12:34.931593,2014-07-05 13:27:25.931593,103,100,8.970145102906102,13.33086709981215,0,,
0,2014-07-05 13:37:24.931593,2014-07-05 13:57:06.931593,104,179,6.57410891939946,20.943064004473058,0,,
0,2014-07-05 16:25:52.931593,2014-07-05 16:51:26.931593,44,33,28.961018726936736,111.37837807718608,0,,
0,2014-07-05 17:13:06.931593,2014-07-05 17:18:17.431593,42,22,3.6518835660218394,120.73304107346927,1,0,A01
0,2014-07-05 19:13:07.181593,2014-07-05 19:28:26.753022,8,15,4.6925543255725355,7.010076280114383,0,,
0,2014-07-05 21:21:06.187805,2014-07-05 21:29:32.437805,26,1,2.5851608134943542,9.595237093608738,0,,
0,2014-07-05 21:44:06.271138,2014-07-05 21:57:17.271138,7,69,4.71448573966596,16.481042752649188,0,,
0,2014-07-05 22:07:53.521138,2014-07-05 22:19:10.521138,81,73,7.179100984950657,24.495963920286677,0,,
0,2014-07-05 22:50:45.521138,2014-07-05 22:54:01.021138,34,39,1.5331885100407443,29.86377398055741,0,,
0,2014-07-05 23:16:43.021138,2014-07-05 23:27:03.354471,23,39,1.999223891027991,33.81441577380084,0,,
0,2014-07-06 00:17:28.604471,2014-07-06 00:30:32.004471,0,52,5.473859524276193,53.31252049754446,0,,
0,2014-07-06 01:14:56.004471,2014-07-06 01:27:10.004471,84,161,6.818333016479483,80.4663879209743,0,,
0,2014-07-06 01:48:50.004471,2014-07-06 01:53:32.004471,52,187,2.83323310442886,85.31136413722925,0,,
0,2014-07-06 03:14:27.004471,2014-07-06 03:19:43.004471,50,86,3.271512633333172,129.65913091519332,0,,
0,2014-07-06 03:31:40.671138,2014-07-06 03:41:55.671138,72,15,8.592503229696236,138.9982701396677,0,,
0,2014-07-06 04:53:32.671138,2014-07-06 04:59:56.671138,16,3,8.097096980878355,165.76581148932917,0,,
0,2014-07-06 05:56:45.671138,2014-07-06 06:07:09.671138,9,48,3.4923520797731302,178.11825634942912,0,,
0,2014-07-06 06:29:05.671138,2014-07-06 06:40:20.171138,14,3,8.41849949383619,237.73493248756992,1,0,A01
0,2014-07-06 08:31:08.599709,2014-07-06 08:35:57.099709,4,17,2.6077797824448368,6.858359972542665,0,,
0,2014-07-06 08:51:33.299709,2014-07-06 08:57:30.799709,23,39,1.999223891027991,9.5482929105345,0,,
0,2014-07-06 09:07:40.799709,2014-07-06 09:19:39.799709,49,39,2.7570783457257604,15.676224222142666,0,,
0,2014-07-06 09:33:53.299709,2014-07-06 09:57:36.299709,90,259,14.118276668060592,31.502750084348293,0,,
0,2014-07-06 13:11:20.299709,2014-07-06 13:17:45.099709,14,20,2.3834910349371223,111.71953329071196,0,,
0,2014-07-06 14:44:08.276305,2014-07-06 14:59:37.276305,36,20,11.767754860354787,123.48728815106675,0,,
0,2014-07-06 15:11:29.942972,2014-07-06 15:35:28.942972,9,233,13.787931621365715,139.04268571720735,0,,
0,2014-07-06 16:00:06.942972,2014-07-06 16:03:37.942972,85,89,1.2853269590361749,143.30832066557943,1,8,E11
0,2014-07-06 18:12:30.942972,2014-07-06 18:42:16.942972,199,3,9.668763504588984,13.59908483030751,0,,
0,2014-07-06 19:08:10.242972,2014-07-06 19:16:49.528686,8,22,1.8881188164426292,17.348391833430245,0,,
0,2014-07-06 19:35:49.346868,2014-07-06 19:51:12.346868,11,41,6.195955761773393,24.802822979382707,0,,
0,2014-07-06 20:08:06.405692,2014-07-06 20:28:15.405692,33,78,12.51795691530217,38.25892446672588,0,,
0,2014-07-06 20:40:26.905692,2014-07-06 20:52:07.239025,78,24,2.1259138432268934,41.57168030021566,0,,
0,2014-07-06 21:13:37.839025,2014-07-06 21:24:52.839025,22,149,1.483273365108979,43.857724118491355,0,,
0,2014-07-06 21:44:43.339025,2014-07-06 22:21:33.339025,22,30,26.42350620381497,71.45357042599508,0,,
0,2014-07-06 22:38:30.672358,2014-07-06 22:48:00.172358,38,59,2.7068923983337654,75.32390071603942,0,,
0,2014-07-06 23:07:36.505691,2014-07-06 23:15:29.005691,45,30,3.1451658152958104,81.03139392504613,0,,
0,2014-07-07 00:09:25.005691,2014-07-07 00:16:20.005691,131,58,2.6727987403864466,91.03444476802035,0,,
0,2014-07-07 00:43:42.755691,2014-07-07 00:50:42.755691,36,67,1.5930762858580023,98.81236281653796,0,,
0,2014-07-07 01:05:23.155691,2014-07-07 01:15:39.155691,122,167,4.3186510890547885,103.91689374768433,0,,
0,2014-07-07 01:55:01.155691,2014-07-07 02:14:56.155691,138,87,16.53601465785576,129.50727166997376,0,,
0,2014-07-07 02:25:28.489024,2014-07-07 02:35:27.489024,96,27,6.5591140496088824,136.7776525417644,0,,
0,2014-07-07 03:02:29.489024,2014-07-07 03:06:49.155691,8,12,2.4480195073731963,147.8304907599654,1,0,A01
0,2014-07-07 05:14:16.155691,2014-07-07 05:27:43.155691,8,0,8.116719364459343,12.14332540716165,0,,
0,2014-07-07 05:45:46.955691,2014-07-07 05:48:32.955691,0,5,1.6749721661648898,14.845946685753498,0,,
0,2014-07-07 06:00:52.955691,2014-07-07 06:11:19.955691,29,36,3.620594753112203,22.060430539088323,0,,
0,2014-07-07 06:48:56.955691,2014-07-07 07:00:36.955691,92,110,8.884357284358824,46.84548056252662,0,,
0,2014-07-07 07:31:35.955691,2014-07-07 07:38:07.289024,43,82,2.6643089831172864,56.54291339397793,0,,
0,2014-07-07 08:42:02.289024,2014-07-07 09:04:30.289024,94,4,19.91133533545826,78.65285857361403,0,,
0,2014-07-07 09:38:20.222357,2014-07-07 10:03:08.222357,5,61,9.840427413739233,89.11891258979071,0,,
0,2014-07-07 10:35:12.222357,2014-07-07 10:47:40.222357,58,57,7.5199876170322035,104.86800433919841,0,,
0,2014-07-07 10:58:13.222357,2014-07-07 11:13:27.222357,76,23,2.353434748341713,111.15749017406215,0,,
0,2014-07-07 11:33:34.222357,2014-07-07 11:51:25.222357,24,6,8.570914059242746,123.61716182999729,0,,
0,2014-07-07 12:03:23.928239,2014-07-07 12:09:18.428239,4,7,1.3610561239619443,125.970988215021,0,,
0,2014-07-07 12:20:47.428239,2014-07-07 12:29:18.428239,28,2,13.824357287519062,145.12110400157394,0,,
0,2014-07-07 12:42:28.428239,2014-07-07 13:02:02.428239,540,55,5.364847712455167,151.76568800121402,0,,
0,2014-07-07 13:23:21.761572,2014-07-07 13:32:58.761572,69,49,2.53692426216072,155.45309146483393,0,,
0,2014-07-07 13:46:27.915418,2014-07-07 13:55:33.415418,41,13,4.183128644541603,160.08426387283046,0,,
0,2014-07-07 14:10:46.915418,2014-07-07 14:47:06.915418,7,171,24.40809965448336,185.28722711812688,1,5,B04
1,2014-07-01 00:00:00.000000,2014-07-01 00:03:39.500000,33,41,1.168101130530218,1.168101130530218,0,,
1,2014-07-01 00:19:24.928571,2014-07-01 00:47:03.928571,33,66,9.72135514203568,11.827600844606904,0,,
1,2014-07-01 01:20:17.428571,2014-07-01 01:28:12.428571,2,13,3.2803778171163755,27.37192206235987,0,,
1,2014-07-01 02:02:58.428571,2014-07-01 02:18:28.428571,10,38,11.242262687987212,49.50442864891542,0,,
1,2014-07-01 02:30:01.928571,2014-07-01 02:34:16.928571,24,49,3.2163467914988817,55.61960070449668,0,,
1,2014-07-01 02:54:14.428571,2014-07-01 02:59:50.928571,7,14,2.577696523348717,62.7742673645041,0,,
1,2014-07-01 03:47:05.428571,2014-07-01 03:54:02.428571,28,4,5.273312817337668,84.6234318902559,0,,
1,2014-07-01 04:32:57.428571,2014-07-01 04:38:45.178571,4,17,2.6077797824448368,93.82981063606891,0,,
1,2014-07-01 06:09:46.923330,2014-07-01 06:31:32.923330,131,119,16.960940900022052,110.79075153609097,0,,
1,2014-07-01 07:36:19.923330,2014-07-01 07:43:41.923330,91,189,2.635951720773792,132.94870982311144,0,,
1,2014-07-01 08:08:03.923330,2014-07-01 08:31:35.923330,259,93,7.5204767093147264,142.23841633752656,0,,
1,2014-07-01 09:50:04.005777,2014-07-01 10:01:59.505777,46,33,6.013901193973759,148.25231753150032,0,,
1,2014-07-01 10:15:58.305777,2014-07-01 10:24:31.305777,14,136,4.530890016032262,155.76595282339238,0,,
1,2014-07-01 10:44:52.305777,2014-07-01 10:54:34.305777,9,8,4.5430011696650565,168.51328231173122,0,,
1,2014-07-01 11:08:55.305777,2014-07-01 11:23:18.305777,32,5,7.894370976505487,179.526708425192,0,,
1,2014-07-01 11:38:21.305777,2014-07-01 11:47:24.972444,115,2,4.565751111772804,508.2341444779088,1,3,D08
1,2014-07-01 13:35:45.401015,2014-07-01 13:41:55.289904,6,2,1.7658464514617829,5.527548833595567,0,,
1,2014-07-01 14:03:27.432761,2014-07-01 14:12:27.432761,3,11,3.559522239651782,10.285338442199194,0,,
1,2014-07-01 14:20:52.932761,2014-07-01 14:54:11.932761,35,114,8.429577007597901,21.19661659870193,0,,
1,2014-07-01 15:53:00.932761,2014-07-01 15:59:00.432761,56,73,1.3446488224934832,211.9733827514961,1,7,C01
1,2014-07-01 18:49:10.432761,2014-07-01 18:59:32.932761,41,23,1.8692327621034128,3.2434708288960534,0,,
1,2014-07-01 19:24:45.399428,2014-07-01 20:01:50.399428,26,90,6.880300949654497,10.834763827144858,0,,
1,2014-07-01 20:20:27.399428,2014-07-01 20:38:31.399428,57,0,5.525953763805359,19.307902123621385,0,,
1,2014-07-01 20:54:35.899428,2014-07-01 21:05:49.566095,47,0,2.4936011585797364,27.21223041052913,0,,
1,2014-07-01 21:23:15.566095,2014-07-01 21:36:12.566095,81,1,5.154715904156587,38.387733804804064,0,,
1,2014-07-01 21:54:10.428164,2014-07-01 22:01:15.628164,6,2,1.7658464514617829,41.397250135800746,0,,
1,2014-07-01 22:16:45.628164,2014-07-01 22:24:57.628164,540,4,3.5835615853794964,46.260548008365156,0,,
1,2014-07-01 23:12:28.628164,2014-07-01 23:16:50.517053,4,6,1.3906667411085099,54.249813712841835,0,,
1,2014-07-01 23:55:40.517053,2014-07-02 00:04:32.517053,27,41,3.5702343582978497,66.89839937845136,0,,
1,2014-07-02 01:14:57.517053,2014-07-02 01:30:35.517053,150,16,7.8485978213107,76.33555796949969,0,,
1,2014-07-02 02:40:39.517053,2014-07-02 02:47:42.017053,26,0,3.234438075915169,91.31774238496332,0,,
1,2014-07-02 03:02:27.683720,2014-07-02 03:06:14.683720,3,7,4.2311380337154105,97.16514435078739,0,,
1,2014-07-02 03:20:35.850387,2014-07-02 03:26:04.050387,13,4,2.0103656732097077,100.50920292233809,0,,
1,2014-07-02 03:44:29.550387,2014-07-02 03:58:14.550387,6,25,10.024667832973051,111.69977616327436,0,,
1,2014-07-02 04:44:40.550387,2014-07-02 04:55:27.550387,11,33,6.166627835690492,125.1885283303314,0,,
1,2014-07-02 05:28:27.550387,2014-07-02 05:39:04.550387,9,25,6.007865148274328,135.4139947193292,0,,
1,2014-07-02 06:24:10.550387,2014-07-02 06:35:51.750387,24,2,10.102786140175244,161.5795394982211,0,,
1,2014-07-02 07:19:12.750387,2014-07-02 07:29:00.750387,102,73,5.078635146050393,181.0966421281424,1,7,C01
1,2014-07-02 09:58:16.750387,2014-07-02 10:08:32.750387,18,27,4.476071795539976,28.139507205653533,0,,
1,2014-07-02 10:27:00.917054,2014-07-02 10:34:51.917054,27,10,2.2841396860582424,31.911231902769956,0,,
1,2014-07-02 11:42:27.917054,2014-07-02 11:46:03.417054,76,57,1.320661764060398,63.67674545128619,0,,
1,2014-07-02 12:51:14.417054,2014-07-02 13:06:25.417054,151,69,10.354461048156995,94.28802271895489,0,,
1,2014-07-02 13:26:05.417054,2014-07-02 13:42:51.417054,62,4,6.936149067124621,106.1949988111012,0,,
1,2014-07-02 13:59:48.235236,2014-07-02 14:05:58.735236,16,0,2.9836170509766644,110.13712103665937,0,,
1,2014-07-02 14:23:30.376745,2014-07-02 14:39:53.126745,0,3,7.538058908772162,118.70282905785848,0,,
1,2014-07-02 14:56:29.912459,2014-07-02 15:08:12.912459,32,136,9.090160779482758,128.7244944774123,0,,
1,2014-07-02 15:17:25.912459,2014-07-02 15:22:55.912459,157,86,3.2729663270064884,133.31085606609562,0,,
1,2014-07-02 15:30:45.912459,2014-07-02 15:43:50.912459,165,40,3.6589423504844287,139.29216193286842,0,,
1,2014-07-02 16:00:14.812459,2014-07-02 16:08:36.812459,36,75,2.7025190118113165,142.7581491151107,0,,
1,2014-07-02 17:38:43.812459,2014-07-02 17:45:07.479126,33,41,1.168101130530218,168.0946902976281,0,,
1,2014-07-02 18:14:26.879126,2014-07-02 18:24:26.879126,59,25,2.151147559448256,171.61537805361883,0,,
1,2014-07-02 19:19:45.879126,2014-07-02 19:39:11.879126,28,0,7.3126178720769905,190.39846454060458,1,6,D01
1,2014-07-02 22:28:58.211243,2014-07-02 22:35:46.211243,31,81,4.317596927338272,4.317596927338272,0,,
1,2014-07-02 23:29:53.211243,2014-07-02 23:36:08.211243,11,8,2.393243163684697,21.76437328919917,0,,
1,2014-07-03 00:13:07.211243,2014-07-03 00:48:23.211243,4,89,14.200220608296664,41.84661723106657,1,0,A01
1,2014-07-03 06:02:05.830038,2014-07-03 06:12:31.830038,52,18,8.65639439118976,8.65639439118976,0,,
1,2014-07-03 06:48:24.030038,2014-07-03 06:53:26.530038,4,37,2.042424996864616,14.859276171375713,0,,
1,2014-07-03 07:06:55.196705,2014-07-03 07:11:26.196705,48,51,2.5547892785593054,18.257437254474684,0,,
1,2014-07-03 07:32:03.196705,2014-07-03 07:43:35.196705,27,36,5.9101303656991275,26.080327840093677,0,,
1,2014-07-03 08:06:52.196705,2014-07-03 08:20:55.446705,26,5,3.7125922906569557,31.274668061590507,0,,
1,2014-07-03 08:53:49.446705,2014-07-03 09:16:18.446705,24,2,10.102786140175244,45.18281600359036,0,,
1,2014-07-03 09:39:13.046705,2014-07-03 09:43:47.380038,2,53,2.8032790791960602,53.073515554012445,0,,
1,2014-07-03 10:24:10.380038,2014-07-03 10:30:06.046705,69,54,3.3648546935124393,63.908176716504464,0,,
1,2014-07-03 10:44:22.213372,2014-07-03 10:59:07.213372,24,114,7.892316722098903,72.81703487848915,0,,
1,2014-07-03 11:22:57.213372,2014-07-03 11:30:31.213372,51,24,1.6563690462261038,77.0410873357384,0,,
1,2014-07-03 11:38:48.213372,2014-07-03 11:44:48.213372,29,23,2.9209984970140788,93.35188302795083,0,,
1,2014-07-03 12:13:33.213372,2014-07-03 12:17:56.213372,48,12,2.328602190395497,102.15199111797267,0,,
1,2014-07-03 12:51:14.213372,2014-07-03 13:00:47.213372,19,18,4.456150933375148,112.22995776321562,0,,
1,2014-07-03 13:17:00.713372,2014-07-03 13:37:13.713372,8,69,11.636280768535645,126.27832136559951,0,,
1,2014-07-03 14:20:37.713372,2014-07-03 14:37:25.713372,96,86,14.717503511304988,156.43477543123205,0,,
1,2014-07-03 15:20:13.713372,2014-07-03 15:37:52.046705,36,58,3.369048306072482,171.63658346029604,0,,
1,2014-07-03 15:50:59.046705,2014-07-03 15:53:19.046705,75,58,1.7553978855039396,174.46271767175483,0,,
1,2014-07-03 16:06:13.618134,2014-07-03 16:33:11.618134,75,119,24.4543537555616,199.98780775327128,1,0,A01
1,2014-07-03 18:39:20.284801,2014-07-03 19:31:11.784801,44,88,29.98749680839964,37.04069528589279,0,,
1,2014-07-03 20:03:09.784801,2014-07-03 20:11:34.784801,27,64,2.4866775034835427,45.15512008555657,0,,
1,2014-07-03 20:39:43.784801,2014-07-03 20:47:50.118134,24,13,3.736160658278186,60.673461258371944,0,,
1,2014-07-03 21:05:50.201467,2014-07-03 21:43:27.201467,7,41,6.784928505288932,68.25325335447396,0,,
1,2014-07-03 22:01:10.201467,2014-07-03 22:25:07.201467,67,34,2.606985430940836,74.87059797148143,0,,
1,2014-07-03 22:55:15.201467,2014-07-03 23:04:41.701467,42,19,3.976566850880936,84.92929462810594,0,,
1,2014-07-03 23:30:13.701467,2014-07-03 23:36:40.826467,32,8,2.4824510180420645,103.62851377795064,0,,
1,2014-07-04 00:27:04.826467,2014-07-04 00:36:09.826467,68,62,6.717407330662224,135.42562730139394,0,,
1,2014-07-04 01:43:42.826467,2014-07-04 02:05:59.826467,44,169,16.806873821222275,178.8636796742729,0,,
1,2014-07-04 02:49:04.826467,2014-07-04 02:53:59.326467,1,9,1.7102200968603842,196.91770508011058,1,0,A01
1,2014-07-04 07:25:12.326467,2014-07-04 07:37:08.326467,140,31,6.0057401592349295,34.285544308693204,0,,
1,2014-07-04 07:47:46.326467,2014-07-04 07:59:40.659800,36,75,2.7025190118113165,40.98717052536916,0,,
1,2014-07-04 09:42:45.659800,2014-07-04 10:00:09.659800,190,60,7.953856148782529,88.61115953708635,0,,
1,2014-07-04 11:12:00.863436,2014-07-04 11:22:53.863436,24,53,3.779573087313977,92.39073262440033,0,,
1,2014-07-04 11:40:13.863436,2014-07-04 11:46:19.863436,65,5,1.8077222749864843,97.67549701280248,0,,
1,2014-07-04 12:00:06.705541,2014-07-04 12:06:53.848398,2,0,1.7368854486095482,100.24412643681246,0,,
1,2014-07-04 12:16:34.254648,2014-07-04 12:32:34.254648,0,66,7.381634965426053,108.65341051466548,0,,
1,2014-07-04 12:53:13.254648,2014-07-04 13:09:54.254648,57,25,10.798503803072881,122.32811317434854,0,,
1,2014-07-04 13:22:09.254648,2014-07-04 13:27:55.254648,30,10,5.837200735460003,128.92397824729238,0,,
1,2014-07-04 13:45:56.254648,2014-07-04 14:07:14.254648,11,93,77.96388160385213,210.0335670388422,1,0,A01
1,2014-07-04 15:53:23.254648,2014-07-04 16:07:42.254648,87,102,7.258538393778374,11.055397988312428,0,,
1,2014-07-04 16:52:47.254648,2014-07-04 17:04:28.587981,45,31,3.948773217877264,28.10472015761155,0,,
1,2014-07-04 17:44:49.587981,2014-07-04 17:55:37.587981,38,110,8.512902304096244,39.48686524990109,0,,
1,2014-07-04 18:46:56.587981,2014-07-04 18:54:47.587981,64,89,1.6509532666832645,53.756954586317825,0,,
1,2014-07-04 20:27:02.587981,2014-07-04 20:40:47.587981,234,92,7.4216574483233115,68.69407893058109,0,,
1,2014-07-04 20:57:13.587981,2014-07-04 21:06:37.587981,124,64,5.6017302317240825,75.80722628568566,0,,
1,2014-07-04 21:24:59.187981,2014-07-04 21:37:54.187981,40,83,6.3725591385289375,85.11925650451434,0,,
1,2014-07-04 21:54:08.854648,2014-07-04 22:11:56.854648,98,35,8.56260631319563,95.08850883572968,0,,
1,2014-07-04 22:55:38.854648,2014-07-04 23:06:07.354648,19,25,4.9598074001514005,141.64028497499245,0,,
1,2014-07-04 23:27:35.954648,2014-07-04 23:39:51.287981,1,94,9.496300695626374,157.04043596641003,0,,
1,2014-07-05 00:34:10.287981,2014-07-05 00:42:33.430838,0,54,3.032889558956452,185.79508096924724,1,0,A01
1,2014-07-05 04:00:39.009069,2014-07-05 04:06:25.009069,92,15,5.215096584240653,5.215096584240653,0,,
1,2014-07-05 05:25:05.009069,2014-07-05 05:28:56.009069,10,9,5.059909875821685,18.765514843535986,0,,
1,2014-07-05 06:04:06.009069,2014-07-05 06:31:05.675736,10,29,34.979357949386525,60.2215794331083,0,,
1,2014-07-05 07:42:54.481131,2014-07-05 08:18:12.481131,62,10,13.9293499290401,74.1509293621484,0,,
1,2014-07-05 08:43:22.481131,2014-07-05 08:50:32.338274,1,9,1.7102200968603842,77.65151711637756,0,,
1,2014-07-05 09:13:21.123988,2014-07-05 09:18:58.498988,11,10,1.9922515900725704,80.70556680605665,0,,
1,2014-07-05 10:04:43.498988,2014-07-05 10:11:44.498988,42,19,3.976566850880936,88.40942964259783,0,,
1,2014-07-05 10:27:41.165655,2014-07-05 10:59:45.165655,18,116,18.720483207223367,108.68830721727532,0,,
1,2014-07-05 16:23:25.165655,2014-07-05 16:24:29.165655,47,73,6.5857523696177935,142.46611229301539,0,,
1,2014-07-05 16:28:05.165655,2014-07-05 16:39:31.165655,2,13,3.2803778171163755,154.99940414126726,0,,
1,2014-07-05 17:15:49.165655,2014-07-05 17:31:58.165655,90,12,6.150749858944878,170.0744201265777,1,7,C01
1,2014-07-05 20:13:40.165655,2014-07-05 20:19:43.365655,9,15,1.6954894450689926,11.98122644042801,0,,
1,2014-07-05 20:44:33.032322,2014-07-05 20:53:15.365655,20,10,4.229240029290262,19.824586334829945,0,,
1,2014-07-05 21:04:51.183837,2014-07-05 21:18:48.683837,15,1,7.679507154864474,28.75637407108342,0,,
1,2014-07-05 21:33:55.517170,2014-07-05 22:19:27.517170,6,86,18.690327520324534,48.69037147094286,0,,
1,2014-07-05 22:39:36.850503,2014-07-05 22:48:48.850503,72,30,5.7742432430976605,55.21125070881867,0,,
1,2014-07-05 23:29:53.650503,2014-07-05 23:46:10.650503,36,56,6.4569933701203075,64.11186141862544,0,,
1,2014-07-06 00:13:56.150503,2014-07-06 00:33:28.150503,72,202,13.57524378273087,79.6151792484021,0,,
1,2014-07-06 01:50:51.150503,2014-07-06 01:54:36.150503,108,109,1.98303623723014,113.7548243164923,0,,
1,2014-07-06 02:16:27.400503,2014-07-06 02:22:14.400503,25,60,5.609353849309034,123.96442263379063,0,,
1,2014-07-06 02:45:52.400503,2014-07-06 02:54:27.400503,152,93,6.642581769778951,144.00739427233555,0,,
1,2014-07-06 03:54:11.400503,2014-07-06 04:03:57.400503,1,20,4.50230188144622,185.09667009928597,1,0,A01
1,2014-07-06 09:17:05.554729,2014-07-06 09:36:20.554729,54,11,8.079043877519313,8.079043877519313,0,,
1,2014-07-06 09:51:26.888062,2014-07-06 09:57:01.888062,16,11,1.537413009950434,10.957811918274995,0,,
1,2014-07-06 10:34:52.888062,2014-07-06 10:49:27.888062,2,21,4.796523735817441,28.653121889821385,0,,
1,2014-07-06 11:23:50.888062,2014-07-06 11:31:43.888062,7,57,3.2539358830492167,36.44732917523106,0,,
1,2014-07-06 11:39:05.888062,2014-07-06 11:48:27.888062,90,11,3.5803975519537365,41.16243899514947,1,0,A01
1,2014-07-06 13:29:55.763062,2014-07-06 13:37:29.263062,13,11,1.8949150006151718,2.837962106227863,0,,
1,2014-07-06 14:41:43.263062,2014-07-06 14:52:17.263062,84,64,4.507010551570208,22.653209990016276,0,,
1,2014-07-06 15:10:56.977348,2014-07-06 15:23:31.977348,67,35,7.792939902941145,31.463590445663115,0,,
1,2014-07-06 15:45:11.227348,2014-07-06 15:56:25.894015,31,11,2.787016475794561,37.71787243087585,0,,
1,2014-07-06 16:16:54.394015,2014-07-06 16:23:21.894015,12,16,2.8512259325893874,42.64791737498708,1,21,F10
1,2014-07-06 18:31:12.894015,2014-07-06 18:50:34.394015,0,17,8.757914844800236,19.965797582505832,0,,
1,2014-07-06 19:48:54.394015,2014-07-06 19:57:05.227348,4,3,2.9804061460476023,28.097524763114077,0,,
1,2014-07-06 20:35:41.227348,2014-07-06 20:52:27.227348,41,5,3.8668025965871737,48.532447681333615,0,,
1,2014-07-06 21:05:31.269015,2014-07-06 21:11:40.769015,2,5,1.258700379390459,50.622892036124526,0,,
1,2014-07-06 21:24:38.626158,2014-07-06 21:33:44.626158,0,2,2.1188632039583006,55.43534861642879,0,,
1,2014-07-06 21:50:53.826158,2014-07-06 22:07:33.159491,3,10,8.078152169419411,64.71176815480004,0,,
1,2014-07-06 22:20:58.426158,2014-07-06 22:28:52.759491,1,48,2.3997509558478654,68.90188676801668,0,,
1,2014-07-06 23:05:21.759491,2014-07-06 23:11:39.759491,27,25,1.916913418290516,72.48475460535622,0,,
1,2014-07-06 23:33:08.359491,2014-07-06 23:50:23.359491,1,55,11.216955797807621,89.60556069895503,0,,
1,2014-07-07 00:24:17.359491,2014-07-07 00:31:37.359491,4,11,2.205581990415131,115.88242137988146,0,,
1,2014-07-07 00:46:25.459491,2014-07-07 00:54:50.459491,16,14,4.679291311377015,121.90306772206372,0,,
1,2014-07-07 01:05:19.459491,2014-07-07 01:13:33.959491,65,50,3.203630900847387,126.50120319100799,0,,
1,2014-07-07 01:55:11.292824,2014-07-07 02:06:22.292824,0,12,6.994117398937638,142.73790176680237,1,7,C01
1,2014-07-07 03:48:46.292824,2014-07-07 03:54:40.292824,28,9,4.520004017531919,8.719308069577421,0,,
1,2014-07-07 04:05:14.292824,2014-07-07 04:23:05.292824,18,45,14.532789644165305,25.48896163423842,0,,
1,2014-07-07 04:41:10.292824,2014-07-07 04:52:54.292824,65,2,5.315645095089965,31.847125718054198,0,,
1,2014-07-07 05:09:48.435681,2014-07-07 05:23:10.435681,0,72,10.986761790171023,45.83576119815674,0,,
1,2014-07-07 05:43:09.435681,2014-07-07 06:24:42.435681,143,29,56.93967750822353,104.92247171021404,0,,
1,2014-07-07 07:35:21.935681,2014-07-07 07:42:59.935681,36,65,3.4802043340308035,131.8787053150443,0,,
10,2014-07-01 00:00:00.000000,2014-07-01 00:05:39.500000,25,32,2.4281157597461545,2.4281157597461545,0,,
10,2014-07-01 00:25:58.500000,2014-07-01 00:29:56.166667,38,58,2.1296008095345766,7.497777394942554,0,,
10,2014-07-01 00:41:45.166667,2014-07-01 01:05:45.166667,38,55,22.61538612108495,35.61078713762994,0,,
10,2014-07-01 02:54:18.857534,2014-07-01 03:09:28.857534,15,86,11.726612865749619,47.33740000337956,0,,
10,2014-07-01 03:21:26.524201,2014-07-01 03:33:45.524201,72,86,1.1869405401951416,49.27097653835285,0,,
10,2014-07-01 09:02:28.524201,2014-07-01 09:09:44.024201,23,21,1.5970111619041607,74.01960567240714,0,,
10,2014-07-01 10:07:10.024201,2014-07-01 10:23:12.024201,54,1,4.848699629311582,90.19341884979927,0,,
10,2014-07-01 11:35:39.024201,2014-07-01 11:42:40.024201,70,82,4.287477285348067,148.89328192589792,1,0,A01
10,2014-07-01 13:55:47.024201,2014-07-01 14:27:15.024201,41,82,19.357264628634496,42.41491935194455,1,0,A01
10,2014-07-01 16:07:04.024201,2014-07-01 16:23:07.024201,43,34,9.912972872312112,13.83833608970016,0,,
10,2014-07-01 16:43:13.024201,2014-07-01 16:47:03.024201,59,25,2.151147559448256,17.450743027560982,0,,
10,2014-07-01 18:46:47.024201,2014-07-01 18:56:18.024201,0,4,2.3371836221454063,38.04020554874345,0,,
10,2014-07-01 19:17:41.913090,2014-07-01 19:25:01.913090,5,11,1.9270057969254482,40.59283794810635,1,8,E11
10,2014-07-01 21:15:32.913090,2014-07-01 21:22:03.913090,37,37,1.7720415737395112,6.862234182081176,0,,
10,2014-07-01 21:48:52.913090,2014-07-01 21:54:32.713090,1,9,1.7102200968603842,15.63798066680953,0,,
10,2014-07-01 22:11:28.768646,2014-07-01 22:16:34.268646,11,22,2.4819635951098578,19.18174236152591,0,,
10,2014-07-01 22:32:59.768646,2014-07-01 22:50:12.435313,8,15,4.6925543255725355,26.191818641640296,0,,
10,2014-07-01 23:06:00.435313,2014-07-01 23:23:53.435313,9,57,12.343967325310613,39.80340746261993,0,,
10,2014-07-02 00:59:26.435313,2014-07-02 01:06:59.863884,1,6,3.9752872736272953,60.89969466711853,0,,
10,2014-07-02 01:20:49.836857,2014-07-02 01:26:49.551143,4,37,2.042424996864616,63.934889925044914,0,,
10,2014-07-02 01:47:38.551143,2014-07-02 01:50:34.551143,49,87,1.9801699974708693,72.8176372655345,0,,
10,2014-07-02 02:13:56.551143,2014-07-02 03:03:35.551143,30,211,56.179385680094846,137.79181785567232,0,,
10,2014-07-02 03:16:12.551143,2014-07-02 03:21:06.551143,153,135,3.0739191945662725,145.86894999087593,0,,
10,2014-07-02 03:53:45.551143,2014-07-02 03:59:15.551143,68,30,2.886951085918351,157.20820519108375,0,,
10,2014-07-02 05:06:16.551143,2014-07-02 05:10:25.551143,15,51,2.353540088944557,175.118616657653,0,,
10,2014-07-02 05:36:14.551143,2014-07-02 05:57:40.551143,14,19,4.15583107827271,186.08258454236858,1,0,A01
10,2014-07-02 07:58:16.051143,2014-07-02 08:06:10.717810,14,71,3.0009274003409696,14.175350487729187,0,,
10,2014-07-02 08:57:56.717810,2014-07-02 09:16:46.717810,26,26,10.87068338243535,123.88578941181085,0,,
10,2014-07-02 09:41:16.574953,2014-07-02 09:46:18.574953,20,26,2.1301804915380806,127.20653497905151,0,,
10,2014-07-02 10:14:30.574953,2014-07-02 10:25:28.574953,14,25,8.61003366837779,137.86057814622916,0,,
10,2014-07-02 10:33:02.074953,2014-07-02 10:52:57.574953,30,14,10.402161347165915,149.0214038308789,0,,
10,2014-07-02 11:07:25.574953,2014-07-02 11:21:52.574953,29,12,12.19970200905693,162.1710239593628,1,0,A01
10,2014-07-02 13:07:16.241620,2014-07-02 13:16:55.241620,46,10,2.50408305972087,5.632398935039968,0,,
10,2014-07-02 14:00:24.741620,2014-07-02 14:15:46.241620,4,33,9.501570902313878,21.379616519265866,0,,
10,2014-07-02 14:30:06.696165,2014-07-02 14:51:30.696165,14,81,9.712657448268784,34.07501924339444,0,,
10,2014-07-02 15:09:03.696165,2014-07-02 15:19:05.196165,84,34,2.393791496994205,37.545755046582826,0,,
10,2014-07-02 15:33:31.321165,2014-07-02 15:51:38.321165,40,43,4.706801429092676,43.21720433775305,0,,
10,2014-07-02 16:05:00.821165,2014-07-02 16:14:45.071165,46,9,4.48766248875104,48.54540009024503,0,,
10,2014-07-02 16:20:33.071165,2014-07-02 16:38:15.071165,1,41,4.777451499548223,56.66823695697678,0,,
10,2014-07-02 17:48:34.071165,2014-07-02 17:59:58.071165,22,1,7.422199439371639,87.908962544675,0,,
10,2014-07-02 18:36:21.071165,2014-07-02 19:08:39.071165,6,2,1.7658464514617829,90.9184788756717,0,,
10,2014-07-02 19:51:14.071165,2014-07-02 20:13:08.071165,102,76,4.916136616898463,110.27308297644106,0,,
10,2014-07-02 20:59:05.071165,2014-07-02 21:09:12.356879,2,53,2.8032790791960602,140.90474177400617,0,,
10,2014-07-02 21:41:14.856879,2014-07-02 21:48:43.010725,0,1,2.021085491453512,148.15148596547016,0,,
10,2014-07-02 22:58:43.010725,2014-07-02 23:13:46.010725,33,85,6.544266061863817,171.2826925713707,0,,
10,2014-07-02 23:39:14.760725,2014-07-02 23:54:38.260725,64,87,10.812416468417958,188.538688663531,1,0,A01
10,2014-07-03 01:24:38.260725,2014-07-03 01:36:46.260725,283,0,8.197388676724218,8.197388676724218,0,,
10,2014-07-03 01:57:48.260725,2014-07-03 02:05:17.260725,21,23,3.473327197570613,15.473032679803778,0,,
10,2014-07-03 02:34:17.760725,2014-07-03 03:00:13.760725,3,116,27.324452626932764,49.88574636639653,0,,
10,2014-07-03 03:53:16.760725,2014-07-03 04:10:05.760725,23,91,10.379434540407368,86.98370217026135,0,,
10,2014-07-03 04:41:19.760725,2014-07-03 04:53:11.427392,2,3,8.417131538047455,104.27905031084624,0,,
10,2014-07-03 05:15:22.141678,2014-07-03 05:20:13.141678,4,22,4.158044102049403,112.68767460299348,1,7,C01
10,2014-07-03 07:16:39.141678,2014-07-03 07:35:28.141678,11,43,4.1375461429087315,5.396021527087799,0,,
10,2014-07-03 08:47:41.141678,2014-07-03 09:11:08.141678,49,7,5.082074781489982,29.219994028078393,0,,
10,2014-07-03 10:22:59.345314,2014-07-03 11:13:59.345314,44,3,34.236651488914426,63.45664551699282,0,,
10,2014-07-03 12:02:58.345314,2014-07-03 12:08:21.345314,1,9,1.7102200968603842,72.08982562104295,0,,
10,2014-07-03 12:22:10.678647,2014-07-03 12:28:44.178647,11,3,3.698185028277119,76.84980874892659,0,,
10,2014-07-03 12:50:26.845314,2014-07-03 13:04:19.345314,32,15,6.669862072087942,84.4511754610856,0,,
10,2014-07-03 13:16:53.345314,2014-07-03 13:23:58.345314,19,33,7.539985179082151,94.81340782367238,0,,
10,2014-07-03 13:41:05.845314,2014-07-03 13:50:45.345314,20,9,3.8487806470019583,101.62652913732406,0,,
10,2014-07-03 14:06:33.511981,2014-07-03 14:17:24.178648,11,15,3.169883303732437,105.85821054066301,0,,
10,2014-07-03 14:29:19.178648,2014-07-03 14:40:03.928648,20,15,2.923744326851529,112.39607473262622,0,,
10,2014-07-03 14:57:08.928648,2014-07-03 15:28:52.928648,9,63,17.954001668526693,131.61769789682194,0,,
10,2014-07-03 16:48:13.928648,2014-07-03 16:59:24.928648,6,37,5.375342072479458,152.60139502942886,1,0,A01
10,2014-07-03 18:47:58.428648,2014-07-03 19:13:17.428648,46,22,4.668127460591147,6.296023074835286,0,,
10,2014-07-03 19:32:17.246830,2014-07-03 19:38:41.246830,11,10,1.9922515900725704,9.546750049086924,0,,
10,2014-07-03 19:59:15.246830,2014-07-03 20:07:11.646830,15,22,2.1601624439518607,12.959193074427787,0,,
10,2014-07-03 20:22:45.021830,2014-07-03 20:37:08.021830,11,6,4.922074836654558,19.139743295261415,0,,
10,2014-07-03 20:51:39.421830,2014-07-03 21:08:08.421830,12,199,12.33760442098767,32.71246152139003,0,,
10,2014-07-03 21:42:47.421830,2014-07-03 21:48:57.421830,58,2,4.023672634008571,43.365493627418445,0,,
10,2014-07-03 22:04:56.136116,2014-07-03 22:32:34.136116,3,41,11.380577703923366,55.944338700293656,0,,
10,2014-07-03 22:43:53.136116,2014-07-03 23:00:58.136116,33,124,9.71389987629308,66.59638314862774,0,,
10,2014-07-03 23:29:41.136116,2014-07-03 23:49:00.136116,85,11,14.380751827155494,83.50834538265819,0,,
10,2014-07-04 00:25:21.136116,2014-07-04 00:34:31.136116,49,11,6.1371827665876335,96.449971275665,0,,
10,2014-07-04 00:47:43.194940,2014-07-04 00:56:56.194940,13,12,4.385947822397431,101.77896620367513,0,,
10,2014-07-04 01:36:08.694940,2014-07-04 01:50:16.694940,3,70,14.950341511679136,132.30904673439076,0,,
10,2014-07-04 02:08:16.694940,2014-07-04 02:15:16.422213,9,19,1.780269155287981,141.14627642044397,1,9,A02
10,2014-07-04 05:40:53.462777,2014-07-04 05:59:48.462777,85,11,14.380751827155494,14.380751827155494,0,,
10,2014-07-04 06:16:49.796110,2014-07-04 06:23:19.462777,12,3,3.7571005156696864,20.216671354347028,0,,
10,2014-07-04 07:28:34.462777,2014-07-04 07:34:20.462777,92,26,2.499291188302508,41.2988928465242,0,,
10,2014-07-04 07:47:54.018333,2014-07-04 07:59:27.018333,20,17,7.452511035141761,49.94196895736854,0,,
10,2014-07-04 08:26:18.018333,2014-07-04 08:40:03.685000,24,5,2.259910134843061,61.248121585784155,0,,
10,2014-07-04 08:51:19.018333,2014-07-04 08:58:26.589762,2,0,1.7368854486095482,63.81675100979415,0,,
10,2014-07-04 10:53:12.589762,2014-07-04 11:07:00.923095,28,17,3.3814127045280578,79.61619700669993,0,,
10,2014-07-04 11:20:28.700873,2014-07-04 11:42:20.700873,23,20,7.550851003848352,87.85775705751213,0,,
10,2014-07-04 11:57:59.700873,2014-07-04 12:16:45.700873,82,41,11.405826632789298,105.8650970609,0,,
10,2014-07-04 12:30:11.700873,2014-07-04 12:45:46.700873,59,35,6.869822678351957,114.10445993579444,0,,
10,2014-07-04 13:02:54.700873,2014-07-04 13:32:46.700873,26,50,5.530075792625073,121.89129084857778,0,,
10,2014-07-04 13:47:24.700873,2014-07-04 14:08:51.700873,95,21,8.453049410774273,131.56311180445974,0,,
10,2014-07-04 14:31:59.900873,2014-07-04 14:40:24.900873,23,51,3.47960505976744,136.67839284332234,0,,
10,2014-07-04 14:56:01.900873,2014-07-04 15:03:03.900873,110,13,5.30078996901546,144.1897800235569,0,,
10,2014-07-04 15:16:45.150873,2014-07-04 15:21:13.350873,7,13,1.240240607479208,146.22488422184915,0,,
10,2014-07-04 16:18:19.350873,2014-07-04 16:22:29.350873,51,114,1.3818789115483885,166.19312952956184,0,,
10,2014-07-04 17:26:58.350873,2014-07-04 18:01:19.350873,223,73,11.593972516508492,190.33788128378222,1,7,C01
10,2014-07-04 19:46:12.600873,2014-07-04 19:54:16.100873,49,23,3.825319029148638,5.413259736488974,0,,
10,2014-07-04 22:06:51.100873,2014-07-04 22:20:24.100873,51,36,8.779810733812036,35.75919898940883,0,,
10,2014-07-04 23:12:11.100873,2014-07-04 23:18:13.958016,6,0,1.94859007218398,44.37678531198608,1,8,E11
10,2014-07-05 01:09:19.958016,2014-07-05 01:15:55.291349,26,13,1.8643928993412098,9.616427663768018,0,,
10,2014-07-05 01:24:35.541349,2014-07-05 01:31:51.541349,26,2,9.100535332531628,20.109216201814363,0,,
10,2014-07-05 02:05:48.541349,2014-07-05 02:11:25.874682,16,11,1.537413009950434,26.49624921052419,0,,
10,2014-07-05 02:21:35.483378,2014-07-05 02:38:40.483378,13,115,13.327675102926646,40.76697141906353,0,,
10,2014-07-05 02:58:24.483378,2014-07-05 03:22:52.483378,52,22,11.787345931677134,57.42212093761425,1,0,A01
10,2014-07-05 05:08:55.483378,2014-07-05 05:16:42.483378,10,1,8.50275858663894,13.147179097933776,0,,
10,2014-07-05 05:44:23.483378,2014-07-05 05:54:34.483378,16,16,4.180764258283803,21.122591520461526,0,,
10,2014-07-05 05:58:41.483378,2014-07-05 06:03:12.483378,28,7,2.5237939161294363,24.388941003363847,0,,
10,2014-07-05 06:15:05.483378,2014-07-05 06:31:26.483378,13,52,8.008880525795242,33.73151442750009,0,,
10,2014-07-05 06:43:57.483378,2014-07-05 06:54:18.483378,21,0,1.8451105078233463,48.32216886819364,0,,
10,2014-07-05 07:14:31.309465,2014-07-05 07:24:04.376132,0,2,2.1188632039583006,51.4686811845789,0,,
10,2014-07-05 15:13:40.376132,2014-07-05 15:34:37.376132,45,29,19.89602950564912,121.10216986904251,0,,
10,2014-07-05 17:01:00.552728,2014-07-05 17:10:17.219395,20,19,3.1750201587178006,124.27719002776031,1,0,A01
10,2014-07-05 19:15:33.619395,2014-07-05 19:44:04.619395,8,31,15.341917152259311,20.745565298447687,0,,
10,2014-07-05 19:56:30.690824,2014-07-05 20:06:19.190824,25,60,5.609353849309034,27.269907086071214,0,,
10,2014-07-05 20:24:36.440824,2014-07-05 20:42:09.440824,45,67,4.003185552042057,32.47373873592026,0,,
10,2014-07-05 20:49:37.440824,2014-07-05 20:58:15.940824,75,67,1.7627256316433353,35.69403736174721,0,,
10,2014-07-05 21:12:29.940824,2014-07-05 21:20:09.340824,38,31,1.8962176779867692,39.661715063158084,0,,
10,2014-07-05 21:36:42.795369,2014-07-05 21:49:14.795369,25,125,4.98796676496785,45.56466976644043,0,,
10,2014-07-05 22:05:13.795369,2014-07-05 22:11:56.795369,141,75,2.2894600856827783,51.916941679532755,0,,
10,2014-07-05 23:11:03.795369,2014-07-05 23:15:43.795369,133,111,4.48165650672594,68.9339085087693,0,,
10,2014-07-05 23:45:40.795369,2014-07-05 23:54:46.795369,66,101,4.900000861454672,81.85991849472879,0,,
10,2014-07-06 00:10:12.795369,2014-07-06 00:18:49.795369,25,101,1.874914234169676,86.66356621616112,0,,
10,2014-07-06 01:49:23.795369,2014-07-06 01:55:59.795369,179,9,6.132676430816102,147.89582052836778,0,,
10,2014-07-06 02:18:34.795369,2014-07-06 02:23:02.017591,12,11,1.4764287620525305,160.32861846412888,1,4,D10
10,2014-07-06 04:14:41.517591,2014-07-06 04:28:47.517591,17,70,11.553711848083935,13.067460787206947,0,,
10,2014-07-06 07:08:58.517591,2014-07-06 07:14:03.517591,163,82,3.376844185122432,66.68675899337742,0,,
10,2014-07-06 07:31:06.517591,2014-07-06 07:45:34.517591,80,9,7.093900854403998,81.24226692037215,0,,
10,2014-07-06 08:18:49.017591,2014-07-06 08:25:59.017591,18,16,4.954511240940885,88.43364208180873,0,,
10,2014-07-06 10:15:54.017591,2014-07-06 10:35:08.017591,31,79,11.855772073761356,116.43971919008723,0,,
10,2014-07-06 11:40:21.017591,2014-07-06 11:48:31.017591,78,78,1.8854227667150576,120.92345819958486,0,,
10,2014-07-06 11:58:08.017591,2014-07-06 12:07:26.017591,78,57,7.142577946538938,129.2528781363867,0,,
10,2014-07-06 12:14:14.017591,2014-07-06 12:25:44.017591,90,14,4.795654231567571,135.18324463591895,0,,
10,2014-07-06 12:41:29.462035,2014-07-06 12:52:49.962035,29,49,3.1761545879902946,139.3093173433362,0,,
10,2014-07-06 13:04:25.212035,2014-07-06 13:24:53.212035,41,39,5.500752513019648,145.25811361981079,0,,
10,2014-07-06 14:50:45.577332,2014-07-06 15:36:09.577332,75,2,23.736138932168068,168.99425255197886,0,,
10,2014-07-06 15:52:25.077332,2014-07-06 16:06:35.077332,3,10,8.078152169419411,178.2706720903501,0,,
10,2014-07-06 16:19:16.143999,2014-07-06 16:44:06.143999,1,2,8.669461490814587,188.73050123853346,1,0,A01
10,2014-07-06 18:42:02.297845,2014-07-06 18:51:53.797845,3,14,3.092499808292509,4.290767177244353,0,,
10,2014-07-06 19:08:05.797845,2014-07-06 19:15:15.797845,21,0,1.8451105078233463,6.947497273575296,0,,
10,2014-07-06 19:31:04.797845,2014-07-06 19:36:57.597845,47,5,1.5312024086844196,13.889426810587727,0,,
10,2014-07-06 20:08:21.931178,2014-07-06 20:20:33.431178,29,36,3.620594753112203,21.10391066392255,0,,
10,2014-07-06 20:46:00.574035,2014-07-06 20:55:10.574035,31,17,3.393092541450756,25.017856541718263,0,,
10,2014-07-06 21:40:29.574035,2014-07-06 21:52:25.574035,38,97,4.634552692108748,55.896960036121136,0,,
10,2014-07-06 22:20:12.174035,2014-07-06 22:31:52.674035,99,40,3.7671905701135135,60.57736836854546,0,,
10,2014-07-06 22:46:59.674035,2014-07-06 23:03:31.674035,36,64,19.10093245176564,80.44176899074206,0,,
10,2014-07-07 00:22:32.674035,2014-07-07 00:35:41.674035,37,5,6.975610968321135,106.26237340514669,0,,
10,2014-07-07 00:50:12.035737,2014-07-07 00:56:19.728045,2,0,1.7368854486095482,108.83100282915667,0,,
10,2014-07-07 01:16:40.952764,2014-07-07 01:25:36.952764,0,23,3.6781577764556213,113.53680971803925,0,,
10,2014-07-07 01:40:56.752764,2014-07-07 01:49:41.752764,7,7,3.756029165076332,119.27901950639436,0,,
10,2014-07-07 02:40:18.752764,2014-07-07 02:55:29.752764,46,1,7.087273829129358,132.73584662198564,0,,
10,2014-07-07 03:14:22.252764,2014-07-07 03:19:53.938478,0,0,1.3156994594421731,136.43888186198885,0,,
10,2014-07-07 03:40:51.967890,2014-07-07 03:50:27.967890,0,39,5.77238700931589,143.23891798373168,0,,
10,2014-07-07 04:04:24.967890,2014-07-07 04:10:30.967890,17,7,2.218604240402005,147.5712861608186,1,7,C01
10,2014-07-07 06:49:30.347905,2014-07-07 07:13:59.347905,38,29,22.048785850697442,22.048785850697442,0,,
10,2014-07-07 08:24:23.847905,2014-07-07 08:49:04.847905,113,75,8.777134391926046,63.644597127725326,0,,
10,2014-07-07 09:12:28.575178,2014-07-07 09:36:17.075178,108,82,7.687943737774912,72.22254478256721,0,,
10,2014-07-07 10:02:02.075178,2014-07-07 10:07:57.575178,106,74,1.4982562079041986,79.71860129415603,0,,
10,2014-07-07 10:38:43.575178,2014-07-07 10:44:51.575178,175,102,2.224618959709633,98.55200251322276,0,,
10,2014-07-07 11:20:03.575178,2014-07-07 11:59:08.575178,215,172,29.302200398877826,131.17241584147217,0,,
10,2014-07-07 13:20:22.575178,2014-07-07 13:42:56.575178,155,58,6.317646381961918,158.53187194314677,0,,
10,2014-07-07 15:37:59.575178,2014-07-07 16:00:15.575178,34,37,2.7224217848903756,196.14230583611922,1,7,C01
10,2014-07-07 17:51:27.075178,2014-07-07 18:05:19.075178,46,4,5.957787623069776,7.585683237313916,0,,
10,2014-07-07 18:25:33.741845,2014-07-07 18:38:06.741845,6,6,4.584267438190373,13.335856083467515,0,,
10,2014-07-07 19:04:28.241845,2014-07-07 20:07:31.241845,10,216,35.32318172935772,53.387055303578464,0,,
100,2014-07-01 00:00:00.000000,2014-07-01 00:06:39.750000,0,4,2.3371836221454063,2.3371836221454063,0,,
100,2014-07-01 00:25:11.616667,2014-07-01 00:31:38.877537,0,0,1.3156994594421731,8.062105593207258,0,,
100,2014-07-01 00:46:58.544204,2014-07-01 00:53:03.152900,0,5,1.6749721661648898,10.764726871799107,0,,
100,2014-07-01 01:06:23.375122,2014-07-01 01:12:34.916789,2,0,1.7368854486095482,13.333356295809104,0,,
100,2014-07-01 01:34:26.977765,2014-07-01 01:42:10.377765,0,14,2.5027764207424785,16.863781828978542,0,,
100,2014-07-01 01:57:53.377765,2014-07-01 02:08:37.711098,21,4,3.0139404000285106,20.68934181751465,0,,
100,2014-07-01 02:22:10.044431,2014-07-01 02:29:54.344431,4,11,2.205581990415131,29.49352277129795,0,,
100,2014-07-01 02:43:04.996605,2014-07-01 02:49:04.663272,13,18,3.4816892775438046,33.91825915445445,0,,
100,2014-07-01 03:22:03.996605,2014-07-01 03:29:25.329938,1,16,5.1116968403284,45.6998492945812,0,,
100,2014-07-01 03:50:55.729938,2014-07-01 04:03:43.729938,12,54,6.727613008219287,56.97075364158518,0,,
100,2014-07-01 04:16:12.729938,2014-07-01 04:26:17.729938,29,4,3.0284160679754835,62.41987541293366,0,,
100,2014-07-01 04:51:15.729938,2014-07-01 04:59:06.729938,13,6,2.0965888159557187,66.97271175156288,0,,
100,2014-07-01 05:10:08.229938,2014-07-01 05:26:26.229938,37,63,12.190808073282705,80.82843228286553,0,,
100,2014-07-01 06:52:41.229938,2014-07-01 07:12:41.229938,57,2,6.8425070051383665,94.69433182747959,0,,
100,2014-07-01 07:59:06.429938,2014-07-01 08:11:39.263271,2,2,5.131959283208799,104.91371158191441,0,,
100,2014-07-01 08:36:27.929938,2014-07-01 08:46:03.929938,0,38,4.998819210342042,112.91440448218799,0,,
100,2014-07-01 08:58:48.329938,2014-07-01 09:26:41.329938,53,69,3.64237675035322,117.6590812291331,0,,
100,2014-07-01 09:42:24.329938,2014-07-01 09:48:19.329938,54,46,1.783705119541407,122.92338831156388,0,,
100,2014-07-01 10:06:53.996605,2014-07-01 10:11:07.496605,53,38,1.715697378747675,125.29243391018156,0,,
100,2014-07-01 10:33:52.496605,2014-07-01 10:44:35.496605,62,23,5.770022489406044,132.86076352479225,0,,
100,2014-07-01 11:11:03.587514,2014-07-01 11:30:34.587514,26,33,12.299636900313187,145.87139247369973,0,,
100,2014-07-01 11:43:45.337514,2014-07-01 11:53:35.337514,14,9,5.0385542532366765,153.8926920027962,0,,
100,2014-07-01 12:07:38.004181,2014-07-01 12:27:06.004181,19,23,9.564988607446075,164.6257232497653,0,,
100,2014-07-01 12:52:40.004181,2014-07-01 13:02:32.404181,12,21,2.112469672809612,183.10498850508708,1,0,A01
100,2014-07-01 15:00:14.404181,2014-07-01 15:37:24.404181,26,9,9.514655764576668,13.066526304516838,0,,
100,2014-07-01 15:52:47.029181,2014-07-01 16:02:51.529181,19,12,3.5724042526736186,17.806973196713457,0,,
100,2014-07-01 16:21:02.386324,2014-07-01 16:27:08.636324,10,10,1.7085569808325587,20.69862808527495,0,,
100,2014-07-01 16:41:33.636324,2014-07-01 16:50:20.136324,1,48,2.3997509558478654,24.888746698491587,0,,
100,2014-07-01 17:03:48.279181,2014-07-01 17:12:02.279181,71,33,3.857960270807542,29.940994296581287,0,,
100,2014-07-01 17:29:55.079181,2014-07-01 17:34:48.079181,20,70,3.6608026292592735,36.566137592490286,0,,
100,2014-07-01 17:49:08.079181,2014-07-01 18:05:54.079181,82,3,9.710552629306775,47.53946942263286,0,,
100,2014-07-01 18:33:35.579181,2014-07-01 18:47:30.579181,8,19,3.4279086931436624,52.828566302456636,1,0,A01
100,2014-07-01 20:31:23.760999,2014-07-01 20:44:26.260999,18,8,3.660052468820487,5.218446836274612,0,,
100,2014-07-01 21:46:53.260999,2014-07-01 22:12:54.260999,64,185,11.020718114623396,38.36991012143834,0,,
100,2014-07-01 22:44:14.760999,2014-07-01 22:52:58.760999,126,121,2.7424212469944718,43.0767174908322,1,0,A01
100,2014-07-02 02:06:07.985214,2014-07-02 02:20:00.985214,39,18,15.180840178577508,15.180840178577508,0,,
100,2014-07-02 02:32:48.985214,2014-07-02 02:42:14.985214,16,5,3.709241407331931,25.10200709906893,0,,
100,2014-07-02 03:22:40.485214,2014-07-02 03:34:41.485214,24,64,11.414621381756545,40.32199028265009,0,,
100,2014-07-02 05:01:29.485214,2014-07-02 05:09:32.485214,104,124,3.593985158509597,66.40663173673018,0,,
100,2014-07-02 06:40:34.229973,2014-07-02 06:47:36.229973,74,20,3.2032131136617745,69.60984485039195,0,,
100,2014-07-02 06:55:09.229973,2014-07-02 07:01:23.729973,18,20,2.3778297062863323,75.159115606883,0,,
100,2014-07-02 07:13:49.063306,2014-07-02 07:31:11.063306,20,30,12.966071464898036,89.57297367255276,0,,
100,2014-07-02 07:57:01.063306,2014-07-02 08:06:11.063306,70,82,4.287477285348067,102.55702612598537,0,,
100,2014-07-02 08:33:30.938306,2014-07-02 08:48:07.938306,43,20,7.075555197528317,113.55794454090174,0,,
100,2014-07-02 11:14:38.938306,2014-07-02 11:18:51.938306,78,63,1.778410848185739,263.8603615946412,1,2,N04
100,2014-07-02 13:07:41.938306,2014-07-02 13:25:07.438306,169,14,7.780865261979407,9.33627451032954,0,,
100,2014-07-02 13:37:05.188306,2014-07-02 13:43:26.854973,29,1,2.745171626515228,13.031364256271727,0,,
100,2014-07-02 14:31:19.354973,2014-07-02 14:39:09.354973,40,41,2.460367164935786,39.27487964825943,0,,
100,2014-07-02 15:03:35.354973,2014-07-02 15:26:04.354973,59,30,15.854845527762015,56.49926537256393,0,,
100,2014-07-02 16:34:13.854973,2014-07-02 16:39:46.854973,25,40,1.5448997459511853,61.61191610003536,0,,
100,2014-07-02 17:02:43.854973,2014-07-02 17:11:31.354973,39,58,1.779447136622378,67.61088042240658,0,,
100,2014-07-02 17:20:50.854973,2014-07-02 17:22:11.854973,75,42,1.3050303614503882,69.98664710981181,0,,
100,2014-07-02 18:02:00.354973,2014-07-02 18:09:50.354973,122,58,1.9243852439735645,76.21152091179826,0,,
100,2014-07-02 18:26:24.688306,2014-07-02 18:34:53.688306,55,105,3.277326824593496,80.7550478668067,0,,
100,2014-07-02 19:35:06.688306,2014-07-02 19:43:01.354973,89,62,3.0738363595705462,94.50527353483079,0,,
100,2014-07-02 19:54:19.354973,2014-07-02 20:05:43.688306,72,77,4.411774312431333,102.21692268631631,0,,
100,2014-07-02 20:12:30.021639,2014-07-02 20:23:46.021639,73,88,4.000951421561217,107.20547634722305,0,,
100,2014-07-02 20:44:50.021639,2014-07-02 20:54:39.021639,92,88,2.512643806953488,110.7040207785651,0,,
100,2014-07-02 21:40:36.021639,2014-07-02 21:52:44.021639,99,122,2.741454063552783,132.76850351197766,0,,
100,2014-07-02 22:18:11.021639,2014-07-02 22:32:43.021639,144,30,5.747943471915837,143.05242813714304,0,,
100,2014-07-02 22:56:09.021639,2014-07-02 23:04:07.521639,36,59,4.490501618164688,149.9865470949942,0,,
100,2014-07-02 23:25:22.121639,2014-07-02 23:36:01.621639,39,75,4.450811845317975,156.68108321791894,0,,
100,2014-07-03 00:16:40.121639,2014-07-03 00:23:56.121639,99,40,3.7671905701135135,163.08904464245384,0,,
100,2014-07-03 00:37:25.121639,2014-07-03 00:44:11.121639,108,30,4.523216378043785,171.5357017759283,0,,
100,2014-07-03 01:09:03.121639,2014-07-03 01:17:28.121639,45,30,3.1451658152958104,181.90219795102522,1,0,A01
100,2014-07-03 02:55:09.121639,2014-07-03 03:08:39.121639,38,33,10.685670944718897,11.84910883642947,0,,
100,2014-07-03 03:48:48.121639,2014-07-03 04:00:38.621639,1,13,8.280812893164054,29.65283795582508,0,,
